Date,Leetcode
2022-08-14,1
2022-08-16,1
2022-08-17,9
2022-08-20,4
2022-08-22,14
2022-08-23,12
2022-08-25,4
2022-08-26,14
2022-08-30,3
2022-09-01,3
2022-09-02,4
2022-09-06,5
2022-09-08,12
2022-09-09,6
2022-09-17,10
2022-09-22,9
2022-09-28,14
2022-10-28,19
2022-11-24,4
2022-11-27,7
2023-01-04,13
2023-01-05,17
2023-01-06,23
2023-01-07,10
2023-01-08,3
2023-01-09,14
2023-01-10,20
2023-01-11,6
2023-01-12,10
2023-01-15,7
2023-01-20,3
2023-02-01,1
2023-02-26,7
2023-09-09,1
2023-09-10,14
2023-09-12,2
2023-09-22,1
2023-09-24,3
2023-09-25,10
2023-09-29,5
2023-09-30,6
2023-10-01,5
2023-10-02,4
2023-10-14,1
2023-10-18,7
2024-03-20,1
2024-03-24,2
2024-03-25,2
2024-03-26,5
2024-03-27,8
2024-03-28,5
2024-03-29,3
2024-04-01,5
2024-04-02,5
2024-04-03,9
2024-04-04,6
2024-04-05,1
2024-04-06,2
2024-04-07,5
2024-04-08,3
2024-04-09,3
